{
  "meta": {
    "title": "My Collection",
    "exported_at": "2026-01-20T22:30:15.804132Z",
    "currency": "USD",
    "total_cards": 44,
    "total_value": 328.52
  },
  "cards": [
    {
      "id": 2,
      "name": "The Flute of Summoning Dragon",
      "konami_id": 43973174,
      "set": {
        "name": "Starter Deck: Kaiba",
        "code": "SDK-042",
        "release_date": "2002-03-29"
      },
      "edition": "Unlimited",
      "condition": "LP",
      "quantity": 1,
      "misprint": null,
      "psa": null,
      "pricing": {
        "low": 0.1,
        "mid": 0.46,
        "high": 6.34,
        "effective_mid": 3,
        "source": "manual"
      },
      "images": {
        "img": "../export/images/2_img.jpg"
      },
      "notes": null
    },
    {
      "id": 3,
      "name": "Amazoness Archers",
      "konami_id": 67987611,
      "set": {
        "name": "Magician's Force",
        "code": "MFC-096",
        "release_date": "2003-10-10"
      },
      "edition": "Unlimited",
      "condition": "LP",
      "quantity": 1,
      "misprint": null,
      "psa": null,
      "pricing": {
        "low": 0.28,
        "mid": 0.87,
        "high": 5.99,
        "effective_mid": 3,
        "source": "manual"
      },
      "images": {
        "img": "../export/images/3_img.jpg"
      },
      "notes": null
    },
    {
      "id": 4,
      "name": "Colossal Fighter",
      "konami_id": 23693634,
      "set": {
        "name": "Starter Deck: Yu-Gi-Oh! 5D's",
        "code": "5DS1-EN043",
        "release_date": "2008-08-05"
      },
      "edition": "Unlimited",
      "condition": "LP",
      "quantity": 1,
      "misprint": null,
      "psa": null,
      "pricing": {
        "low": 0.0,
        "mid": 0.0,
        "high": 0.0,
        "effective_mid": 3.0,
        "source": "manual"
      },
      "images": {
        "img": "../export/images/4_img.jpg"
      },
      "notes": null
    },
    {
      "id": 9,
      "name": "Lord of D.",
      "konami_id": 17985575,
      "set": {
        "name": "Starter Deck: Kaiba",
        "code": "SDK-041",
        "release_date": "2002-03-29"
      },
      "edition": "Unlimited",
      "condition": "HP",
      "quantity": 1,
      "misprint": {
        "description": "FULL HOLO BLEED",
        "severity": null
      },
      "psa": null,
      "pricing": {
        "low": 0.14,
        "mid": 0.7,
        "high": 4.2,
        "effective_mid": 10.0,
        "source": "manual"
      },
      "images": {
        "img": "../export/images/9_img.jpeg"
      },
      "notes": null
    },
    {
      "id": 10,
      "name": "The Flute of Summoning Dragon",
      "konami_id": 43973174,
      "set": {
        "name": "Starter Deck: Kaiba",
        "code": "SDK-042",
        "release_date": "2002-03-29"
      },
      "edition": "Unlimited",
      "condition": "LP",
      "quantity": 1,
      "misprint": {
        "description": "FULL HOLO BLEED",
        "severity": null
      },
      "psa": null,
      "pricing": {
        "low": 0.1,
        "mid": 0.46,
        "high": 6.34,
        "effective_mid": 30.0,
        "source": "manual"
      },
      "images": {
        "img": "../export/images/10_img.jpeg"
      },
      "notes": null
    },
    {
      "id": 11,
      "name": "The Flute of Summoning Dragon",
      "konami_id": 43973174,
      "set": {
        "name": "Starter Deck: Kaiba",
        "code": "SDK-042",
        "release_date": "2002-03-29"
      },
      "edition": "Unlimited",
      "condition": "HP",
      "quantity": 1,
      "misprint": {
        "description": "FULL HOLO BLEED",
        "severity": null
      },
      "psa": null,
      "pricing": {
        "low": 0.1,
        "mid": 0.46,
        "high": 6.34,
        "effective_mid": 10.0,
        "source": "manual"
      },
      "images": {
        "img": "../export/images/11_img.jpeg"
      },
      "notes": null
    },
    {
      "id": 12,
      "name": "Lord of D.",
      "konami_id": 17985575,
      "set": {
        "name": "Starter Deck: Kaiba",
        "code": "SDK-041",
        "release_date": "2002-03-29"
      },
      "edition": "Unlimited",
      "condition": "MP",
      "quantity": 1,
      "misprint": {
        "description": "FULL HOLO BLEED",
        "severity": null
      },
      "psa": null,
      "pricing": {
        "low": 0.14,
        "mid": 0.7,
        "high": 4.2,
        "effective_mid": 20.0,
        "source": "manual"
      },
      "images": {
        "img": "../export/images/12_img.jpeg"
      },
      "notes": null
    },
    {
      "id": 13,
      "name": "Dark Magician",
      "konami_id": 46986414,
      "set": {
        "name": "Collectible Tins 2003",
        "code": "BPT-007",
        "release_date": "2003-09-01"
      },
      "edition": "Limited",
      "condition": "MP",
      "quantity": 1,
      "misprint": null,
      "psa": null,
      "pricing": {
        "low": 0.0,
        "mid": 0.0,
        "high": 0.0,
        "effective_mid": 10.0,
        "source": "manual"
      },
      "images": {
        "img": "../export/images/13_img.jpg"
      },
      "notes": null
    },
    {
      "id": 14,
      "name": "Dark Magician",
      "konami_id": 46986414,
      "set": {
        "name": "Forbidden Legacy",
        "code": "FL1-EN002",
        "release_date": "2005-10-01"
      },
      "edition": "Limited",
      "condition": "HP",
      "quantity": 1,
      "misprint": null,
      "psa": null,
      "pricing": {
        "low": 5.7,
        "mid": 9.62,
        "high": 50.0,
        "effective_mid": 9.62,
        "source": "manual"
      },
      "images": {
        "img": "../export/images/14_img.jpeg"
      },
      "notes": null
    },
    {
      "id": 15,
      "name": "Relinquished",
      "konami_id": 64631466,
      "set": {
        "name": "Starter Deck: Pegasus",
        "code": "SDP-001",
        "release_date": "2003-03-30"
      },
      "edition": "Unlimited",
      "condition": "HP",
      "quantity": 1,
      "misprint": null,
      "psa": null,
      "pricing": {
        "low": 0.25,
        "mid": 1.0,
        "high": 50.0,
        "effective_mid": 3,
        "source": "manual"
      },
      "images": {
        "img": "../export/images/15_img.jpeg"
      },
      "notes": null
    },
    {
      "id": 16,
      "name": "Ancient Gear Castle",
      "konami_id": 92001300,
      "set": {
        "name": "Shadow of Infinity",
        "code": "SOI-EN047",
        "release_date": "2006-04-01"
      },
      "edition": "Unlimited",
      "condition": "MP",
      "quantity": 1,
      "misprint": null,
      "psa": null,
      "pricing": {
        "low": 0.25,
        "mid": 0.67,
        "high": 2.98,
        "effective_mid": 3,
        "source": "manual"
      },
      "images": {
        "img": "../export/images/16_img.jpeg"
      },
      "notes": null
    },
    {
      "id": 17,
      "name": "The Grave of Enkindling",
      "konami_id": 84136000,
      "set": {
        "name": "Duelist Pack: Chazz Princeton",
        "code": "DP2-EN030",
        "release_date": "2006-02-08"
      },
      "edition": "Unlimited",
      "condition": "MP",
      "quantity": 1,
      "misprint": null,
      "psa": null,
      "pricing": {
        "low": 0.09,
        "mid": 0.27,
        "high": 1.98,
        "effective_mid": 3,
        "source": "manual"
      },
      "images": {
        "img": "../export/images/17_img.jpg"
      },
      "notes": null
    },
    {
      "id": 18,
      "name": "Simorgh, Bird of Divinity",
      "konami_id": 14989021,
      "set": {
        "name": "Structure Deck: Lord of the Storm",
        "code": "SD8-EN001",
        "release_date": "2006-07-12"
      },
      "edition": "1st Edition",
      "condition": "LP",
      "quantity": 1,
      "misprint": null,
      "psa": null,
      "pricing": {
        "low": 0.13,
        "mid": 0.56,
        "high": 4.99,
        "effective_mid": 3,
        "source": "manual"
      },
      "images": {
        "img": "../export/images/18_img.jpeg"
      },
      "notes": null
    },
    {
      "id": 19,
      "name": "Tri-Blaze Accelerator",
      "konami_id": 21420702,
      "set": {
        "name": "Force of the Breaker",
        "code": "FOTB-EN041",
        "release_date": "2007-06-25"
      },
      "edition": "Unlimited",
      "condition": "MP",
      "quantity": 1,
      "misprint": {
        "description": "UTR",
        "severity": null
      },
      "psa": null,
      "pricing": {
        "low": 18.75,
        "mid": 31.49,
        "high": 55.62,
        "effective_mid": 31.49,
        "source": "manual"
      },
      "images": {
        "img": "../export/images/19_img.jpg"
      },
      "notes": null
    },
    {
      "id": 20,
      "name": "Vampire Genesis",
      "konami_id": 22056710,
      "set": {
        "name": "Structure Deck: Zombie Madness",
        "code": "SD2-EN001",
        "release_date": "2005-01-01"
      },
      "edition": "1st Edition",
      "condition": "HP",
      "quantity": 1,
      "misprint": null,
      "psa": null,
      "pricing": {
        "low": 0.12,
        "mid": 0.33,
        "high": 2.5,
        "effective_mid": 3,
        "source": "manual"
      },
      "images": {
        "img": "../export/images/20_img.jpeg"
      },
      "notes": null
    },
    {
      "id": 21,
      "name": "Van'Dalgyon the Dark Dragon Lord",
      "konami_id": 24857466,
      "set": {
        "name": "Shonen Jump Vol. 6, Issue 3 promotional card",
        "code": "JUMP-EN023",
        "release_date": "2013-10-24"
      },
      "edition": "Limited",
      "condition": "LP",
      "quantity": 1,
      "misprint": null,
      "psa": null,
      "pricing": {
        "low": 0.0,
        "mid": 0.0,
        "high": 0.0,
        "effective_mid": 5.0,
        "source": "manual"
      },
      "images": {
        "img": "../export/images/21_img.jpeg"
      },
      "notes": null
    },
    {
      "id": 22,
      "name": "Dark Paladin",
      "konami_id": 98502113,
      "set": {
        "name": "Duel Master's Guide promotional cards",
        "code": "DMG-001",
        "release_date": "2003-10-28"
      },
      "edition": "Limited",
      "condition": "HP",
      "quantity": 1,
      "misprint": null,
      "psa": null,
      "pricing": {
        "low": 0.0,
        "mid": 0.0,
        "high": 0.0,
        "effective_mid": 15.0,
        "source": "manual"
      },
      "images": {
        "img": "../export/images/22_img.jpeg"
      },
      "notes": null
    },
    {
      "id": 23,
      "name": "Lord of D.",
      "konami_id": 17985575,
      "set": {
        "name": "Starter Deck: Kaiba",
        "code": "SDK-041",
        "release_date": "2002-03-29"
      },
      "edition": "Unlimited",
      "condition": "MP",
      "quantity": 1,
      "misprint": {
        "description": "HEAVY FADED",
        "severity": null
      },
      "psa": null,
      "pricing": {
        "low": 0.0,
        "mid": 0.0,
        "high": 0.0,
        "effective_mid": 60.0,
        "source": "manual"
      },
      "images": {
        "img": "../export/images/23_img.jpeg"
      },
      "notes": null
    },
    {
      "id": 24,
      "name": "Twin-Headed Behemoth",
      "konami_id": 43586926,
      "set": {
        "name": "Legacy of Darkness",
        "code": "LOD-063",
        "release_date": "2003-06-06"
      },
      "edition": "Unlimited",
      "condition": "DMG",
      "quantity": 1,
      "misprint": null,
      "psa": null,
      "pricing": {
        "low": 0.14,
        "mid": 0.45,
        "high": 2.91,
        "effective_mid": 3,
        "source": "market"
      },
      "images": {
        "img": "../export/images/24_img.jpeg"
      },
      "notes": null
    },
    {
      "id": 25,
      "name": "Giant Trunade",
      "konami_id": 42703248,
      "set": {
        "name": "Magic Ruler",
        "code": "MRL-048",
        "release_date": "2002-09-16"
      },
      "edition": "Unlimited",
      "condition": "DMG",
      "quantity": 1,
      "misprint": null,
      "psa": null,
      "pricing": {
        "low": 1.11,
        "mid": 1.95,
        "high": 10.5,
        "effective_mid": 3,
        "source": "market"
      },
      "images": {
        "img": "../export/images/25_img.jpeg"
      },
      "notes": null
    },
    {
      "id": 26,
      "name": "Mind Control",
      "konami_id": 37520316,
      "set": {
        "name": "Yu-Gi-Oh! 7 Trials to Glory: World Championship Tournament 2005 promotional cards",
        "code": "WC5-EN003",
        "release_date": "2005-02-15"
      },
      "edition": "Unlimited",
      "condition": "DMG",
      "quantity": 1,
      "misprint": null,
      "psa": null,
      "pricing": {
        "low": 0.0,
        "mid": 0.0,
        "high": 0.0,
        "effective_mid": 3,
        "source": "market"
      },
      "images": {
        "img": "../export/images/26_img.jpeg"
      },
      "notes": null
    },
    {
      "id": 27,
      "name": "Armed Changer",
      "konami_id": 90374791,
      "set": {
        "name": "Elemental Energy",
        "code": "EEN-EN045",
        "release_date": "2005-11-30"
      },
      "edition": "Unlimited",
      "condition": "MP",
      "quantity": 1,
      "misprint": {
        "description": "UTR",
        "severity": null
      },
      "psa": null,
      "pricing": {
        "low": 28.24,
        "mid": 28.24,
        "high": 28.24,
        "effective_mid": 28.24,
        "source": "market"
      },
      "images": {
        "img": "../export/images/27_img.jpeg"
      },
      "notes": null
    },
    {
      "id": 28,
      "name": "Hieracosphinx",
      "konami_id": 82260502,
      "set": {
        "name": "The Lost Millennium",
        "code": "TLM-EN012",
        "release_date": "2005-06-10"
      },
      "edition": "Unlimited",
      "condition": "DMG",
      "quantity": 1,
      "misprint": null,
      "psa": null,
      "pricing": {
        "low": 0.01,
        "mid": 0.15,
        "high": 1.39,
        "effective_mid": 3,
        "source": "market"
      },
      "images": {
        "img": "../export/images/28_img.jpeg"
      },
      "notes": null
    },
    {
      "id": 29,
      "name": "Rose Bud",
      "konami_id": 25090294,
      "set": {
        "name": "Premium Pack 2 (TCG)",
        "code": "PP02-EN011",
        "release_date": "2008-07-31"
      },
      "edition": "Unlimited",
      "condition": "LP",
      "quantity": 1,
      "misprint": null,
      "psa": null,
      "pricing": {
        "low": 0.0,
        "mid": 0.0,
        "high": 0.0,
        "effective_mid": 3,
        "source": "market"
      },
      "images": {
        "img": "../export/images/29_img.jpg"
      },
      "notes": null
    },
    {
      "id": 30,
      "name": "Insect Princess",
      "konami_id": 37957847,
      "set": {
        "name": "Invasion of Chaos",
        "code": "IOC-080",
        "release_date": "2004-04-01"
      },
      "edition": "Unlimited",
      "condition": "MP",
      "quantity": 1,
      "misprint": null,
      "psa": null,
      "pricing": {
        "low": 0.17,
        "mid": 0.52,
        "high": 2.09,
        "effective_mid": 3,
        "source": "market"
      },
      "images": {
        "img": "../export/images/30_img.jpg"
      },
      "notes": null
    },
    {
      "id": 31,
      "name": "Delta Crow - Anti Reverse",
      "konami_id": 59839761,
      "set": {
        "name": "Raging Battle",
        "code": "RGBT-EN068",
        "release_date": "2009-06-23"
      },
      "edition": "Unlimited",
      "condition": "LP",
      "quantity": 1,
      "misprint": null,
      "psa": null,
      "pricing": {
        "low": 0.73,
        "mid": 2.12,
        "high": 85.82,
        "effective_mid": 2.12,
        "source": "market"
      },
      "images": {
        "img": "../export/images/31_img.jpeg"
      },
      "notes": null
    },
    {
      "id": 32,
      "name": "Izanagi",
      "konami_id": 6544078,
      "set": {
        "name": "The Duelist Genesis",
        "code": "TDGS-EN030",
        "release_date": "2008-10-07"
      },
      "edition": "Unlimited",
      "condition": "LP",
      "quantity": 1,
      "misprint": null,
      "psa": null,
      "pricing": {
        "low": 0.34,
        "mid": 1.21,
        "high": 2.52,
        "effective_mid": 3,
        "source": "market"
      },
      "images": {
        "img": "../export/images/32_img.jpeg"
      },
      "notes": null
    },
    {
      "id": 33,
      "name": "Elemental HERO Steam Healer",
      "konami_id": 81197327,
      "set": {
        "name": "Duelist Pack: Jaden Yuki",
        "code": "DP1-EN013",
        "release_date": "2006-02-08"
      },
      "edition": "Unlimited",
      "condition": "DMG",
      "quantity": 1,
      "misprint": null,
      "psa": null,
      "pricing": {
        "low": 1.35,
        "mid": 2.7,
        "high": 6.0,
        "effective_mid": 2.7,
        "source": "market"
      },
      "images": {
        "img": "../export/images/33_img.jpeg"
      },
      "notes": null
    },
    {
      "id": 34,
      "name": "Dark Hole",
      "konami_id": 53129443,
      "set": {
        "name": "Legend of Blue Eyes White Dragon",
        "code": "LOB-052",
        "release_date": "2002-03-08"
      },
      "edition": "Unlimited",
      "condition": "HP",
      "quantity": 1,
      "misprint": null,
      "psa": null,
      "pricing": {
        "low": 0.9,
        "mid": 1.6,
        "high": 8.49,
        "effective_mid": 3,
        "source": "market"
      },
      "images": {
        "img": "../export/images/34_img.jpg"
      },
      "notes": null
    },
    {
      "id": 35,
      "name": "Phantom Beast Thunder-Pegasus",
      "konami_id": 34961968,
      "set": {
        "name": "Yu-Gi-Oh! GX Tag Force promotional cards",
        "code": "GX02-EN003",
        "release_date": "2006-11-16"
      },
      "edition": "Unlimited",
      "condition": "LP",
      "quantity": 1,
      "misprint": null,
      "psa": null,
      "pricing": {
        "low": 0.0,
        "mid": 0.0,
        "high": 0.0,
        "effective_mid": 3,
        "source": "market"
      },
      "images": {
        "img": "../export/images/35_img.jpeg"
      },
      "notes": null
    },
    {
      "id": 36,
      "name": "Limiter Overload",
      "konami_id": 92450185,
      "set": {
        "name": "Duelist Pack: Yusei",
        "code": "DP08-EN030",
        "release_date": "2009-02-24"
      },
      "edition": "1st Edition",
      "condition": "MP",
      "quantity": 1,
      "misprint": null,
      "psa": null,
      "pricing": {
        "low": 0.0,
        "mid": 0.0,
        "high": 0.0,
        "effective_mid": 3,
        "source": "market"
      },
      "images": {
        "img": "../export/images/36_img.jpeg"
      },
      "notes": null
    },
    {
      "id": 37,
      "name": "Urgent Tuning",
      "konami_id": 94634433,
      "set": {
        "name": "Crossroads of Chaos",
        "code": "CSOC-EN065",
        "release_date": "2008-12-09"
      },
      "edition": "Unlimited",
      "condition": "LP",
      "quantity": 1,
      "misprint": null,
      "psa": null,
      "pricing": {
        "low": 0.21,
        "mid": 0.47,
        "high": 4.25,
        "effective_mid": 3,
        "source": "market"
      },
      "images": {
        "img": "../export/images/37_img.jpeg"
      },
      "notes": null
    },
    {
      "id": 38,
      "name": "Gryphon Wing",
      "konami_id": 55608151,
      "set": {
        "name": "Starter Deck: Pegasus",
        "code": "SDP-050",
        "release_date": "2003-03-30"
      },
      "edition": "Unlimited",
      "condition": "LP",
      "quantity": 1,
      "misprint": null,
      "psa": null,
      "pricing": {
        "low": 0.03,
        "mid": 0.21,
        "high": 1.7,
        "effective_mid": 3,
        "source": "market"
      },
      "images": {
        "img": "../export/images/38_img.jpeg"
      },
      "notes": null
    },
    {
      "id": 39,
      "name": "Magical Hats",
      "konami_id": 81210420,
      "set": {
        "name": "Pharaoh's Servant",
        "code": "PSV-033",
        "release_date": "2002-10-20"
      },
      "edition": "Unlimited",
      "condition": "LP",
      "quantity": 1,
      "misprint": null,
      "psa": null,
      "pricing": {
        "low": 0.72,
        "mid": 1.7,
        "high": 5.09,
        "effective_mid": 3,
        "source": "market"
      },
      "images": {
        "img": "../export/images/39_img.jpeg"
      },
      "notes": null
    },
    {
      "id": 40,
      "name": "Terra Firma Gravity",
      "konami_id": 26509612,
      "set": {
        "name": "Premium Pack 2 (TCG)",
        "code": "PP02-EN013",
        "release_date": "2008-07-31"
      },
      "edition": "Unlimited",
      "condition": "NM",
      "quantity": 1,
      "misprint": null,
      "psa": null,
      "pricing": {
        "low": 0.0,
        "mid": 0.0,
        "high": 0.0,
        "effective_mid": 3,
        "source": "market"
      },
      "images": {
        "img": "../export/images/40_img.jpeg"
      },
      "notes": null
    },
    {
      "id": 41,
      "name": "Wild Nature's Release",
      "konami_id": 61166988,
      "set": {
        "name": "Invasion of Chaos",
        "code": "IOC-033",
        "release_date": "2004-04-01"
      },
      "edition": "Unlimited",
      "condition": "NM",
      "quantity": 1,
      "misprint": null,
      "psa": null,
      "pricing": {
        "low": 0.19,
        "mid": 0.51,
        "high": 1.99,
        "effective_mid": 3,
        "source": "market"
      },
      "images": {
        "img": "../export/images/41_img.jpeg"
      },
      "notes": null
    },
    {
      "id": 42,
      "name": "Beast Machine King Barbaros Ür",
      "konami_id": 19028307,
      "set": {
        "name": "Ancient Prophecy",
        "code": "ANPR-EN097",
        "release_date": "2009-10-09"
      },
      "edition": "Unlimited",
      "condition": "NM",
      "quantity": 1,
      "misprint": null,
      "psa": null,
      "pricing": {
        "low": 0.0,
        "mid": 0.0,
        "high": 0.0,
        "effective_mid": 3,
        "source": "market"
      },
      "images": {
        "img": "../export/images/42_img.jpeg"
      },
      "notes": null
    },
    {
      "id": 43,
      "name": "Black Luster Ritual",
      "konami_id": 55761792,
      "set": {
        "name": "Starter Deck: Yugi Evolution",
        "code": "SYE-025",
        "release_date": "2004-03-01"
      },
      "edition": "Unlimited",
      "condition": "MP",
      "quantity": 1,
      "misprint": null,
      "psa": null,
      "pricing": {
        "low": 0.07,
        "mid": 0.35,
        "high": 5.6,
        "effective_mid": 3,
        "source": "market"
      },
      "images": {
        "img": "../export/images/43_img.jpeg"
      },
      "notes": null
    },
    {
      "id": 44,
      "name": "Mirror Gate",
      "konami_id": 43452193,
      "set": {
        "name": "Tactical Evolution",
        "code": "TAEV-EN063",
        "release_date": "2007-09-12"
      },
      "edition": "Unlimited",
      "condition": "NM",
      "quantity": 1,
      "misprint": null,
      "psa": null,
      "pricing": {
        "low": 0.2,
        "mid": 0.5,
        "high": 2.97,
        "effective_mid": 3,
        "source": "market"
      },
      "images": {
        "img": "../export/images/44_img.jpeg"
      },
      "notes": null
    },
    {
      "id": 45,
      "name": "The White Stone of Legend",
      "konami_id": 79814787,
      "set": {
        "name": "Duelist Pack: Kaiba",
        "code": "DPKB-EN022",
        "release_date": "2010-04-16"
      },
      "edition": "1st Edition",
      "condition": "LP",
      "quantity": 1,
      "misprint": null,
      "psa": null,
      "pricing": {
        "low": 0.54,
        "mid": 4.24,
        "high": 16.94,
        "effective_mid": 4.24,
        "source": "market"
      },
      "images": {
        "img": "../export/images/45_img.jpeg"
      },
      "notes": null
    },
    {
      "id": 46,
      "name": "Soul Exchange",
      "konami_id": 68005187,
      "set": {
        "name": "Starter Deck: Yugi",
        "code": "SDY-041",
        "release_date": "2001-01-01"
      },
      "edition": "Unlimited",
      "condition": "MP",
      "quantity": 1,
      "misprint": null,
      "psa": null,
      "pricing": {
        "low": 0.14,
        "mid": 0.49,
        "high": 3.9,
        "effective_mid": 3,
        "source": "market"
      },
      "images": {
        "img": "../export/images/46_img.jpeg"
      },
      "notes": null
    },
    {
      "id": 47,
      "name": "Graceful Charity",
      "konami_id": 79571449,
      "set": {
        "name": "Starter Deck: Pegasus",
        "code": "SDP-040",
        "release_date": "2003-03-30"
      },
      "edition": "Unlimited",
      "condition": "MP",
      "quantity": 1,
      "misprint": null,
      "psa": null,
      "pricing": {
        "low": 1.45,
        "mid": 3.11,
        "high": 6.99,
        "effective_mid": 3.11,
        "source": "market"
      },
      "images": {
        "img": "../export/images/47_img.jpeg"
      },
      "notes": null
    },
    {
      "id": 48,
      "name": "Magical Mallet",
      "konami_id": 85852291,
      "set": {
        "name": "Duelist Pack: Chazz Princeton",
        "code": "DP2-EN024",
        "release_date": "2006-02-08"
      },
      "edition": "Unlimited",
      "condition": "LP",
      "quantity": 1,
      "misprint": null,
      "psa": null,
      "pricing": {
        "low": 0.84,
        "mid": 1.55,
        "high": 8.49,
        "effective_mid": 3,
        "source": "market"
      },
      "images": {
        "img": "../export/images/48_img.jpeg"
      },
      "notes": null
    },
    {
      "id": 49,
      "name": "Soul Exchange",
      "konami_id": 68005187,
      "set": {
        "name": "Starter Deck: Yugi",
        "code": "SDY-041",
        "release_date": "2001-01-01"
      },
      "edition": "Unlimited",
      "condition": "LP",
      "quantity": 1,
      "misprint": null,
      "psa": null,
      "pricing": {
        "low": 0.17,
        "mid": 0.59,
        "high": 4.73,
        "effective_mid": 3,
        "source": "market"
      },
      "images": {
        "img": "../export/images/49_img.jpeg"
      },
      "notes": null
    }
  ]
}